"LHS","RHS","lift","support","confidence","coverage","count","oddsRatio","addVal","fisher.padj_holm","OR_lowerCI","kappa","fisher.p","Cat"
"cebq34_lsSometimes","loc1=No",1.08284620036283,0.645569620253165,0.829268292682927,0.778481012658228,102,4.09022556390977,0.0634455078728002,8e-04,1.81198382412186,0.280673799226041,0.000772389461777914,"lsS_FR"
